company_id,year,capital_allocation,free_cash_flow,fcf_conversion,capex_intensity
ABB,Mar 2014,Unknown,0.0,0.0,0.0
ABB,Mar 2015,Growth Funded by Debt,-1899.0,-608.65,81.43
ABB,Mar 2016,Shareholder Returns,728.0,199.45,31.22
ABB,Mar 2017,Shareholder Returns,459.0,115.33,59.59
ABB,Mar 2018,Mixed,-994.0,-189.33,96.79
ABB,Mar 2019,Mixed,-459.0,-75.87,82.9
ABB,Mar 2020,Mixed,-206.0,-27.21,137.87
ABB,Mar 2021,Shareholder Returns,-225.0,-24.4,93.02
ABB,Mar 2022,Shareholder Returns,161.0,14.88,80.11
ABB,Mar 2023,Mixed,-922.0,-76.45,87.85
ABB,Mar 2024,Shareholder Returns,1095.0,75.36,84.51
ADANIENSOL,Mar 2015,Growth Funded by Debt,-1899.0,-1880.2,1422.9
ADANIENSOL,Mar 2016,Shareholder Returns,728.0,37.78,37.19
ADANIENSOL,Mar 2017,Shareholder Returns,459.0,23.15,60.15
ADANIENSOL,Mar 2018,Mixed,-994.0,-35.17,80.93
ADANIENSOL,Mar 2019,Mixed,-459.0,-16.52,41.75
ADANIENSOL,Mar 2020,Mixed,-206.0,-4.84,49.43
ADANIENSOL,Mar 2021,Shareholder Returns,-225.0,-5.7,40.39
ADANIENSOL,Mar 2022,Shareholder Returns,161.0,3.83,34.96
ADANIENSOL,Mar 2023,Mixed,-922.0,-20.41,35.35
ADANIENSOL,Mar 2024,Shareholder Returns,1095.0,19.17,29.76
ADANIENT,Mar 2013,Mixed,-7124.0,-118.32,31.89
ADANIENT,Mar 2014,Shareholder Returns,221.0,2.36,14.57
ADANIENT,Mar 2015,Mixed,-2933.0,-23.56,17.78
ADANIENT,Mar 2016,Shareholder Returns,3287.0,195.19,5.37
ADANIENT,Mar 2017,Mixed,-686.0,-36.07,4.0
ADANIENT,Mar 2018,Mixed,-4707.0,-230.96,21.29
ADANIENT,Mar 2019,Liquidating Assets,5723.0,290.66,6.16
ADANIENT,Mar 2020,Shareholder Returns,1372.0,59.81,2.49
ADANIENT,Mar 2021,Mixed,-4568.0,-182.28,21.78
ADANIENT,Mar 2022,Mixed,-15656.0,-421.54,24.55
ADANIENT,Mar 2023,Shareholder Returns,2167.0,24.57,12.12
ADANIENT,Mar 2024,Mixed,-8455.0,-74.32,19.46
ADANIGREEN,Mar 2017,Mixed,-1483.0,-367.99,301.0
ADANIGREEN,Mar 2018,Mixed,-3779.0,-448.28,299.19
ADANIGREEN,Mar 2019,Mixed,-1041.0,-68.22,129.54
ADANIGREEN,Mar 2020,Mixed,-1778.0,-122.62,146.84
ADANIGREEN,Mar 2021,Mixed,-7536.0,-336.28,292.48
ADANIGREEN,Mar 2022,Mixed,-15603.0,-444.28,364.89
ADANIGREEN,Mar 2023,Reinvestor,3408.0,68.57,49.6
ADANIGREEN,Mar 2024,Mixed,-13347.0,-182.39,228.42
ADANIPORTS,Mar 2013,Mixed,-3757.0,-157.72,143.58
ADANIPORTS,Mar 2014,Mixed,-1378.0,-47.21,51.97
ADANIPORTS,Mar 2015,Shareholder Returns,572.0,14.66,40.39
ADANIPORTS,Mar 2016,Mixed,-1772.0,-38.72,58.42
ADANIPORTS,Mar 2017,Shareholder Returns,1434.0,26.47,31.15
ADANIPORTS,Mar 2018,Shareholder Returns,1762.0,24.62,33.97
ADANIPORTS,Mar 2019,Mixed,1661.0,25.18,39.98
ADANIPORTS,Mar 2020,Shareholder Returns,6653.0,111.87,6.31
ADANIPORTS,Mar 2021,Mixed,-6508.0,-74.91,112.06
ADANIPORTS,Mar 2022,Shareholder Returns,4927.0,51.71,32.09
ADANIPORTS,Mar 2023,Shareholder Returns,-4816.0,-43.99,80.16
ADANIPORTS,Mar 2024,Shareholder Returns,8250.0,52.92,25.34
ADANIPOWER,Mar 2013,Mixed,-1063.0,-110.73,60.73
ADANIPOWER,Mar 2014,Mixed,-1462.0,-31.83,30.66
ADANIPOWER,Mar 2015,Reinvestor,1087.0,23.24,25.35
ADANIPOWER,Mar 2016,Reinvestor,2565.0,29.14,10.61
ADANIPOWER,Mar 2017,Reinvestor,3513.0,58.75,5.36
ADANIPOWER,Mar 2018,Reinvestor,4581.0,84.27,2.56
ADANIPOWER,Mar 2019,Reinvestor,4626.0,92.84,4.12
ADANIPOWER,Mar 2020,Reinvestor,3294.0,57.45,8.7
ADANIPOWER,Mar 2021,Reinvestor,4826.0,55.55,8.34
ADANIPOWER,Mar 2022,Liquidating Assets,11007.0,111.4,2.79
ADANIPOWER,Mar 2023,Liquidating Assets,9976.0,98.81,3.98
ADANIPOWER,Mar 2024,Liquidating Assets,17651.0,96.83,6.91
AMBUJACEM,Mar 2024,Mixed,-3295.0,-51.48,26.96
APOLLOHOSP,Mar 2013,Mixed,-290.0,-47.39,19.45
APOLLOHOSP,Mar 2014,Shareholder Returns,17.0,2.51,8.17
APOLLOHOSP,Mar 2015,Mixed,-289.0,-39.21,14.8
APOLLOHOSP,Mar 2016,Mixed,-291.0,-42.54,14.44
APOLLOHOSP,Mar 2017,Mixed,-529.0,-72.07,15.88
APOLLOHOSP,Mar 2018,Shareholder Returns,132.0,16.48,4.91
APOLLOHOSP,Mar 2019,Shareholder Returns,194.0,18.13,7.39
APOLLOHOSP,Mar 2020,Shareholder Returns,1004.0,63.1,2.57
APOLLOHOSP,Mar 2021,Shareholder Returns,385.0,33.77,8.33
APOLLOHOSP,Mar 2022,Shareholder Returns,949.0,43.35,5.09
APOLLOHOSP,Mar 2023,Shareholder Returns,520.0,25.18,5.16
APOLLOHOSP,Mar 2024,Shareholder Returns,383.0,16.0,8.06
ASIANPAINT,Mar 2013,Reinvestor,724.0,41.68,4.41
ASIANPAINT,Mar 2014,Reinvestor,816.0,40.72,4.8
ASIANPAINT,Mar 2015,Reinvestor,723.0,32.23,3.42
ASIANPAINT,Mar 2016,Reinvestor,1377.0,50.53,6.07
ASIANPAINT,Mar 2017,Reinvestor,846.0,28.26,4.52
ASIANPAINT,Mar 2018,Reinvestor,557.0,17.38,9.25
ASIANPAINT,Mar 2019,Reinvestor,1552.0,41.22,4.77
ASIANPAINT,Mar 2020,Reinvestor,2520.0,60.62,2.56
ASIANPAINT,Mar 2021,Reinvestor,3142.0,64.7,2.49
ASIANPAINT,Mar 2022,Reinvestor,669.0,13.93,1.09
ASIANPAINT,Mar 2023,Reinvestor,2911.0,46.5,3.72
ASIANPAINT,Mar 2024,Reinvestor,3556.0,46.88,7.18
AXISBANK,Mar 2013,Mixed,-8366.0,-100.64,40.24
AXISBANK,Mar 2014,Mixed,298.0,3.09,46.23
AXISBANK,Mar 2015,Growth Funded by Debt,-23134.0,-207.91,22.47
AXISBANK,Mar 2016,Distress Signal,-25284.0,-189.15,22.47
AXISBANK,Mar 2017,Reinvestor,19751.0,82.96,27.97
AXISBANK,Mar 2018,Growth Funded by Debt,-48397.0,-167.49,21.86
AXISBANK,Mar 2019,Mixed,18451.0,67.95,33.96
AXISBANK,Mar 2020,Mixed,20931.0,59.69,15.14
AXISBANK,Mar 2021,Mixed,-41655.0,-131.2,85.7
AXISBANK,Mar 2022,Mixed,1025.0,3.42,40.24
AXISBANK,Mar 2023,Mixed,-10276.0,-35.33,37.99
AXISBANK,Mar 2024,Growth Funded by Debt,-14556.0,-38.36,8.23
BAJAJ-AUTO,Mar 2013,Reinvestor,824.0,22.54,6.96
BAJAJ-AUTO,Mar 2014,Reinvestor,1430.0,34.35,10.29
BAJAJ-AUTO,Mar 2015,Reinvestor,1734.0,42.01,1.76
BAJAJ-AUTO,Mar 2016,Reinvestor,3622.0,75.57,0.3
BAJAJ-AUTO,Mar 2017,Reinvestor,-343.0,-7.74,16.59
BAJAJ-AUTO,Mar 2018,Reinvestor,2374.0,48.99,7.75
BAJAJ-AUTO,Mar 2019,Reinvestor,2214.0,42.59,0.9
BAJAJ-AUTO,Mar 2020,Liquidating Assets,5616.0,109.92,5.9
BAJAJ-AUTO,Mar 2021,Reinvestor,251.0,5.08,10.34
BAJAJ-AUTO,Mar 2022,Liquidating Assets,4473.0,85.05,0.83
BAJAJ-AUTO,Mar 2023,Liquidating Assets,6488.0,100.36,3.32
BAJAJ-AUTO,Mar 2024,Reinvestor,6486.0,74.0,0.16
BAJAJFINSV,Mar 2013,Distress Signal,-3969.0,-100.97,36.66
BAJAJFINSV,Mar 2014,Distress Signal,-6043.0,-134.56,62.49
BAJAJFINSV,Mar 2015,Distress Signal,-7022.0,-127.42,32.72
BAJAJFINSV,Mar 2016,Growth Funded by Debt,-10681.0,-158.5,4.32
BAJAJFINSV,Mar 2017,Distress Signal,-10771.0,-123.62,0.62
BAJAJFINSV,Mar 2018,Growth Funded by Debt,-20502.0,-190.04,2.81
BAJAJFINSV,Mar 2019,Growth Funded by Debt,-33979.0,-225.97,16.2
BAJAJFINSV,Mar 2020,Growth Funded by Debt,-33317.0,-182.48,18.3
BAJAJFINSV,Mar 2021,Mixed,863.0,4.39,6.08
BAJAJFINSV,Mar 2022,Distress Signal,-32225.0,-150.2,2.11
BAJAJFINSV,Mar 2023,Growth Funded by Debt,-53425.0,-178.87,16.99
BAJAJFINSV,Mar 2024,Growth Funded by Debt,-79634.0,-194.77,9.93
BAJAJHLDNG,Mar 2013,Reinvestor,104.0,32.3,109.5
BAJAJHLDNG,Mar 2014,Reinvestor,353.0,88.25,122.7
BAJAJHLDNG,Mar 2015,Reinvestor,332.0,68.6,88.55
BAJAJHLDNG,Mar 2016,Liquidating Assets,2166.0,504.9,216.81
BAJAJHLDNG,Mar 2017,Pre-Revenue,-1295.0,-206.21,44.18
BAJAJHLDNG,Mar 2018,Reinvestor,508.0,143.1,267.38
BAJAJHLDNG,Mar 2019,Reinvestor,465.0,134.01,37.82
BAJAJHLDNG,Mar 2020,Reinvestor,1120.0,372.09,183.91
BAJAJHLDNG,Mar 2021,Reinvestor,-36.0,-10.23,67.4
BAJAJHLDNG,Mar 2022,Reinvestor,1459.0,397.55,31.2
BAJAJHLDNG,Mar 2023,Reinvestor,1591.0,418.68,26.25
BAJAJHLDNG,Mar 2024,Reinvestor,1469.0,94.05,27.73
BAJFINANCE,Mar 2015,Growth Funded by Debt,-7424.0,-423.74,6.68
BAJFINANCE,Mar 2016,Growth Funded by Debt,-10557.0,-448.47,9.41
BAJFINANCE,Mar 2017,Growth Funded by Debt,-13486.0,-414.95,30.56
BAJFINANCE,Mar 2018,Distress Signal,-19491.0,-473.66,8.43
BAJFINANCE,Mar 2019,Growth Funded by Debt,-34441.0,-631.48,29.1
BAJFINANCE,Mar 2020,Growth Funded by Debt,-33170.0,-362.16,33.21
BAJFINANCE,Mar 2021,Growth Funded by Debt,-1236.0,-11.4,1.61
BAJFINANCE,Mar 2022,Distress Signal,-30743.0,-258.78,20.06
BAJFINANCE,Mar 2023,Growth Funded by Debt,-52506.0,-413.66,25.1
BAJFINANCE,Mar 2024,Growth Funded by Debt,-79931.0,-496.5,13.04
BANKBARODA,Mar 2013,Shareholder Returns,22682.0,207.14,1.41
BANKBARODA,Mar 2014,Mixed,41503.0,344.45,1.8
BANKBARODA,Mar 2015,Shareholder Returns,17282.0,128.34,1.24
BANKBARODA,Mar 2016,Pre-Revenue,-14016.0,-55.2,8.74
BANKBARODA,Mar 2017,Shareholder Returns,17314.0,89.94,1.24
BANKBARODA,Mar 2018,Growth Funded by Debt,-60106.0,-230.35,0.9
BANKBARODA,Mar 2019,Growth Funded by Debt,-3986.0,-15.44,4.8
BANKBARODA,Mar 2020,Mixed,18392.0,45.32,0.18
BANKBARODA,Mar 2021,Pre-Revenue,-1358.0,-3.57,0.63
BANKBARODA,Mar 2022,Shareholder Returns,2565.0,6.84,4.97
BANKBARODA,Mar 2023,Pre-Revenue,-22450.0,-58.72,1.16
BANKBARODA,Mar 2024,Growth Funded by Debt,-7559.0,-17.03,1.09
BEL,Mar 2013,Unknown,214.0,31.99,27.95
BEL,Mar 2014,Unknown,190.0,20.54,11.64
BEL,Mar 2015,Reinvestor,595.0,50.47,11.83
BEL,Mar 2016,Reinvestor,790.0,56.71,19.99
BEL,Mar 2017,Unknown,3054.0,170.42,35.99
BEL,Mar 2018,Pre-Revenue,-693.0,-33.99,0.06
BEL,Mar 2019,Reinvestor,618.0,21.24,7.37
BEL,Mar 2020,Reinvestor,1921.0,69.63,5.0
BEL,Mar 2021,Reinvestor,2498.0,77.72,18.39
BEL,Mar 2022,Reinvestor,-665.0,-19.89,31.7
BEL,Mar 2023,Liquidating Assets,3907.0,95.53,15.27
BEL,Mar 2024,Reinvestor,-1265.0,-25.04,29.23
BHARTIARTL,Mar 2013,Shareholder Returns,3932.0,17.13,24.27
BHARTIARTL,Mar 2014,Mixed,1052.0,3.97,29.33
BHARTIARTL,Mar 2015,Shareholder Returns,5758.0,17.14,23.21
BHARTIARTL,Mar 2016,Shareholder Returns,13851.0,40.76,14.6
BHARTIARTL,Mar 2017,Shareholder Returns,-2400.0,-6.79,32.14
BHARTIARTL,Mar 2018,Mixed,1914.0,6.36,33.81
BHARTIARTL,Mar 2019,Mixed,-8216.0,-31.89,35.02
BHARTIARTL,Mar 2020,Mixed,-11469.0,-31.33,33.81
BHARTIARTL,Mar 2021,Shareholder Returns,20919.0,46.2,27.12
BHARTIARTL,Mar 2022,Shareholder Returns,13539.0,23.53,35.59
BHARTIARTL,Mar 2023,Shareholder Returns,26093.0,36.61,28.2
BHARTIARTL,Mar 2024,Shareholder Returns,27809.0,35.52,34.06
BHEL,Mar 2013,Mixed,646.0,6.81,2.28
BHEL,Mar 2014,Mixed,3644.0,79.58,2.19
BHEL,Mar 2015,Liquidating Assets,1471.0,68.71,2.08
BHEL,Mar 2016,Liquidating Assets,397.0,-29.26,0.09
BHEL,Mar 2017,Reinvestor,-5.0,-0.46,1.98
BHEL,Mar 2018,Liquidating Assets,1950.0,117.97,3.33
BHEL,Mar 2019,Unknown,-1941.0,-95.52,6.3
BHEL,Mar 2020,Distress Signal,-1015.0,763.16,8.75
BHEL,Mar 2021,Reinvestor,518.0,-16.99,0.24
BHEL,Mar 2022,Reinvestor,-458.0,-55.31,5.27
BHEL,Mar 2023,Distress Signal,739.0,70.79,6.33
BHEL,Mar 2024,Distress Signal,-2382.0,-335.02,5.57
BOSCHLTD,Mar 2015,Reinvestor,213.0,10.75,9.79
BOSCHLTD,Mar 2016,Reinvestor,323.0,17.2,10.26
BOSCHLTD,Mar 2017,Liquidating Assets,2703.0,137.7,11.94
BOSCHLTD,Mar 2018,Reinvestor,559.0,26.71,10.01
BOSCHLTD,Mar 2019,Liquidating Assets,2359.0,109.52,14.61
BOSCHLTD,Mar 2020,Reinvestor,463.0,31.22,8.87
BOSCHLTD,Mar 2021,Reinvestor,372.0,31.99,4.76
BOSCHLTD,Mar 2022,Reinvestor,238.0,16.28,0.28
BOSCHLTD,Mar 2023,Liquidating Assets,1476.0,81.55,1.75
BOSCHLTD,Mar 2024,Liquidating Assets,1536.0,73.32,1.69
BPCL,Mar 2013,Shareholder Returns,2322.0,34.61,1.49
BPCL,Mar 2014,Shareholder Returns,2707.0,28.76,2.6
BPCL,Mar 2015,Shareholder Returns,10206.0,104.36,4.34
BPCL,Mar 2016,Shareholder Returns,1886.0,14.54,4.92
BPCL,Mar 2017,Mixed,-6233.0,-45.22,7.59
BPCL,Mar 2018,Shareholder Returns,4002.0,26.13,3.0
BPCL,Mar 2019,Mixed,-294.0,-1.95,3.5
BPCL,Mar 2020,Mixed,-3254.0,-36.26,3.91
BPCL,Mar 2021,Shareholder Returns,20981.0,99.9,1.07
BPCL,Mar 2022,Shareholder Returns,12198.0,63.74,2.35
BPCL,Mar 2023,Shareholder Returns,4660.0,42.76,1.65
BPCL,Mar 2024,Shareholder Returns,25415.0,57.65,2.35
BRITANNIA,Mar 2013,Liquidating Assets,348.0,82.66,0.45
BRITANNIA,Mar 2014,Shareholder Returns,425.0,67.78,3.56
BRITANNIA,Mar 2015,Shareholder Returns,134.0,15.4,5.73
BRITANNIA,Mar 2016,Shareholder Returns,254.0,20.75,8.4
BRITANNIA,Mar 2017,Shareholder Returns,291.0,22.77,1.66
BRITANNIA,Mar 2018,Shareholder Returns,292.0,19.45,9.65
BRITANNIA,Mar 2019,Shareholder Returns,304.0,17.55,7.71
BRITANNIA,Mar 2020,Mixed,-41.0,-2.22,13.16
BRITANNIA,Mar 2021,Liquidating Assets,2309.0,92.03,3.3
BRITANNIA,Mar 2022,Liquidating Assets,2214.0,100.59,6.47
BRITANNIA,Mar 2023,Shareholder Returns,1019.0,35.99,9.24
BRITANNIA,Mar 2024,Liquidating Assets,3050.0,96.31,2.84
CANBK,Mar 2013,Shareholder Returns,7575.0,104.96,1.28
CANBK,Mar 2014,Shareholder Returns,13864.0,143.88,0.96
CANBK,Mar 2015,Shareholder Returns,5240.0,50.86,2.52
CANBK,Mar 2016,Shareholder Returns,8903.0,50.06,1.01
CANBK,Mar 2017,Mixed,2099.0,13.38,1.15
CANBK,Mar 2018,Growth Funded by Debt,-11607.0,-45.37,1.18
CANBK,Mar 2019,Shareholder Returns,17492.0,64.3,1.55
CANBK,Mar 2020,Growth Funded by Debt,-5734.0,-21.39,0.89
CANBK,Mar 2021,Mixed,58002.0,133.53,1.59
CANBK,Mar 2022,Mixed,-510.0,-1.24,2.02
CANBK,Mar 2023,Growth Funded by Debt,-41134.0,-96.17,1.35
CANBK,Mar 2024,Shareholder Returns,13296.0,28.81,1.58
CHOLAFIN,Mar 2013,Distress Signal,-3749.0,-544.91,0.19
CHOLAFIN,Mar 2014,Growth Funded by Debt,-2530.0,-271.46,2.53
CHOLAFIN,Mar 2015,Growth Funded by Debt,-2304.0,-217.15,1.08
CHOLAFIN,Mar 2016,Growth Funded by Debt,-2946.0,-232.7,3.25
CHOLAFIN,Mar 2017,Growth Funded by Debt,-1690.0,-127.84,4.73
CHOLAFIN,Mar 2018,Growth Funded by Debt,-7986.0,-550.38,1.08
CHOLAFIN,Mar 2019,Growth Funded by Debt,-9328.0,-571.57,0.15
CHOLAFIN,Mar 2020,Growth Funded by Debt,-2129.0,-87.94,0.62
CHOLAFIN,Mar 2021,Growth Funded by Debt,-10594.0,-363.68,18.22
CHOLAFIN,Mar 2022,Distress Signal,-3931.0,-134.35,16.16
CHOLAFIN,Mar 2023,Growth Funded by Debt,-29253.0,-807.87,16.67
CHOLAFIN,Mar 2024,Growth Funded by Debt,-38538.0,-715.65,14.9
CIPLA,Mar 2013,Mixed,-665.0,-10.96,24.92
CIPLA,Mar 2014,Shareholder Returns,298.0,3.71,12.43
CIPLA,Mar 2015,Mixed,223.0,2.43,8.37
CIPLA,Mar 2016,Mixed,-2792.0,-24.69,32.87
CIPLA,Mar 2017,Shareholder Returns,1078.0,9.06,9.06
CIPLA,Mar 2018,Shareholder Returns,629.0,5.1,5.5
CIPLA,Mar 2019,Shareholder Returns,3.0,0.02,10.32
CIPLA,Mar 2020,Liquidating Assets,3182.0,22.85,0.67
CIPLA,Mar 2021,Shareholder Returns,1381.0,9.26,12.39
CIPLA,Mar 2022,Shareholder Returns,1468.0,8.53,8.54
CIPLA,Mar 2023,Shareholder Returns,862.0,4.86,10.44
CIPLA,Mar 2024,Shareholder Returns,1152.0,5.91,11.57
COALINDIA,Mar 2013,Shareholder Returns,7276.0,14.49,2.68
COALINDIA,Mar 2014,Liquidating Assets,23105.0,43.72,12.15
COALINDIA,Mar 2015,Liquidating Assets,15276.0,26.91,1.21
COALINDIA,Mar 2016,Liquidating Assets,21308.0,36.03,10.47
COALINDIA,Mar 2017,Liquidating Assets,16916.0,25.74,0.58
COALINDIA,Mar 2018,Shareholder Returns,13368.0,17.6,9.09
COALINDIA,Mar 2019,Shareholder Returns,8460.0,11.34,7.93
COALINDIA,Mar 2020,Liquidating Assets,6010.0,8.07,1.08
COALINDIA,Mar 2021,Liquidating Assets,10774.0,15.09,0.2
COALINDIA,Mar 2022,Shareholder Returns,15392.0,18.11,23.44
COALINDIA,Mar 2023,Shareholder Returns,12269.0,13.05,16.97
COALINDIA,Mar 2024,Shareholder Returns,13617.0,14.43,3.15
DABUR,Mar 2013,Shareholder Returns,248.0,25.0,10.13
DABUR,Mar 2014,Shareholder Returns,994.0,85.54,1.47
DABUR,Mar 2015,Shareholder Returns,171.0,12.95,11.24
DABUR,Mar 2016,Shareholder Returns,457.0,30.11,9.38
DABUR,Mar 2017,Shareholder Returns,420.0,27.78,10.6
DABUR,Mar 2018,Shareholder Returns,551.0,34.08,7.01
DABUR,Mar 2019,Liquidating Assets,1837.0,105.57,3.97
DABUR,Mar 2020,Shareholder Returns,1097.0,61.22,5.95
DABUR,Mar 2021,Shareholder Returns,711.0,35.51,14.68
DABUR,Mar 2022,Shareholder Returns,529.0,23.49,11.69
DABUR,Mar 2023,Shareholder Returns,905.0,41.86,5.06
DABUR,Mar 2024,Shareholder Returns,1042.0,43.42,7.83
DIVISLAB,Mar 2013,Reinvestor,225.0,27.57,11.89
DIVISLAB,Mar 2014,Reinvestor,252.0,24.75,12.05
DIVISLAB,Mar 2015,Reinvestor,305.0,26.0,16.73
DIVISLAB,Mar 2016,Reinvestor,632.0,44.41,10.75
DIVISLAB,Mar 2017,Mixed,10.0,0.69,28.05
DIVISLAB,Mar 2018,Reinvestor,298.0,23.48,12.28
DIVISLAB,Mar 2019,Reinvestor,269.0,14.35,13.85
DIVISLAB,Mar 2020,Reinvestor,1133.0,62.05,1.54
DIVISLAB,Mar 2021,Liquidating Assets,2022.0,70.53,1.08
DIVISLAB,Mar 2022,Reinvestor,-283.0,-7.28,24.5
DIVISLAB,Mar 2023,Reinvestor,-248.0,-10.46,34.85
DIVISLAB,Mar 2024,Reinvestor,992.0,44.89,3.43
DLF,Mar 2013,Liquidating Assets,4004.0,152.07,25.67
DLF,Mar 2014,Liquidating Assets,5392.0,216.29,47.29
DLF,Mar 2015,Liquidating Assets,2135.0,70.84,1.28
DLF,Mar 2016,Shareholder Returns,2139.0,53.93,8.24
DLF,Mar 2017,Distress Signal,-26.0,-0.75,10.61
DLF,Mar 2018,Shareholder Returns,-1832.0,-77.04,31.34
DLF,Mar 2019,Cash Accumulator,2046.0,95.25,0.04
DLF,Mar 2020,Liquidating Assets,6864.0,598.95,106.99
DLF,Mar 2021,Liquidating Assets,1610.0,109.6,2.77
DLF,Mar 2022,Liquidating Assets,3099.0,177.8,4.67
DLF,Mar 2023,Shareholder Returns,1914.0,110.89,8.09
DLF,Mar 2024,Mixed,1010.0,47.55,23.79
DMART,Mar 2013,Mixed,-104.0,-48.37,6.91
DMART,Mar 2014,Mixed,-72.0,-21.11,5.76
DMART,Mar 2015,Mixed,-252.0,-55.26,7.36
DMART,Mar 2016,Mixed,-200.0,-30.12,7.37
DMART,Mar 2017,Mixed,-2027.0,-209.18,20.86
DMART,Mar 2018,Liquidating Assets,1194.0,88.25,3.09
DMART,Mar 2019,Mixed,-151.0,-9.25,4.79
DMART,Mar 2020,Mixed,-3377.0,-158.69,18.73
DMART,Mar 2021,Shareholder Returns,265.0,15.19,4.6
DMART,Mar 2022,Shareholder Returns,83.0,3.32,4.16
DMART,Mar 2023,Shareholder Returns,317.0,8.71,5.4
DMART,Mar 2024,Shareholder Returns,278.0,6.77,4.86
DRREDDY,Mar 2013,Shareholder Returns,-59.0,-2.21,12.14
DRREDDY,Mar 2014,Shareholder Returns,366.0,11.26,11.96
DRREDDY,Mar 2015,Shareholder Returns,154.0,4.39,15.78
DRREDDY,Mar 2016,Shareholder Returns,1653.0,46.11,10.34
DRREDDY,Mar 2017,Shareholder Returns,254.0,10.28,13.31
DRREDDY,Mar 2018,Shareholder Returns,320.0,13.61,10.38
DRREDDY,Mar 2019,Shareholder Returns,2101.0,66.11,4.98
DRREDDY,Mar 2020,Shareholder Returns,2489.0,100.48,2.83
DRREDDY,Mar 2021,Shareholder Returns,1315.0,33.94,11.84
DRREDDY,Mar 2022,Shareholder Returns,246.0,6.53,11.91
DRREDDY,Mar 2023,Shareholder Returns,1779.0,27.5,16.66
DRREDDY,Mar 2024,Shareholder Returns,509.0,6.42,14.4
EICHERMOT,Mar 2016,Shareholder Returns,462.0,27.34,16.22
EICHERMOT,Mar 2017,Mixed,-36.0,-1.66,24.8
EICHERMOT,Mar 2018,Shareholder Returns,337.0,12.0,23.93
EICHERMOT,Mar 2019,Shareholder Returns,915.0,31.51,6.74
EICHERMOT,Mar 2020,Shareholder Returns,186.0,8.52,16.47
EICHERMOT,Mar 2021,Shareholder Returns,66.0,3.7,18.64
EICHERMOT,Mar 2022,Shareholder Returns,544.0,24.98,9.55
EICHERMOT,Mar 2023,Shareholder Returns,426.0,12.36,16.6
EICHERMOT,Mar 2024,Shareholder Returns,890.0,20.56,17.14
GAIL,Mar 2013,Mixed,-2023.0,-27.24,16.92
GAIL,Mar 2014,Shareholder Returns,149.0,1.87,7.23
GAIL,Mar 2015,Shareholder Returns,1405.0,24.95,4.64
GAIL,Mar 2016,Shareholder Returns,3056.0,67.37,1.74
GAIL,Mar 2017,Shareholder Returns,5690.0,94.5,0.69
GAIL,Mar 2018,Shareholder Returns,6109.0,78.3,4.88
GAIL,Mar 2019,Shareholder Returns,2283.0,22.97,7.48
GAIL,Mar 2020,Mixed,46.0,0.51,11.44
GAIL,Mar 2021,Shareholder Returns,4353.0,60.08,8.09
GAIL,Mar 2022,Shareholder Returns,3930.0,25.92,5.92
GAIL,Mar 2023,Mixed,-4248.0,-56.64,5.12
GAIL,Mar 2024,Shareholder Returns,4360.0,30.46,6.17
GODREJCP,Mar 2013,Mixed,-45.0,-4.52,13.49
GODREJCP,Mar 2014,Reinvestor,622.0,53.21,6.5
GODREJCP,Mar 2015,Reinvestor,-209.0,-15.16,14.94
GODREJCP,Mar 2016,Reinvestor,225.0,13.58,7.38
GODREJCP,Mar 2017,Mixed,-383.0,-20.08,24.2
GODREJCP,Mar 2018,Reinvestor,1387.0,66.55,3.41
GODREJCP,Mar 2019,Liquidating Assets,2003.0,93.95,2.66
GODREJCP,Mar 2020,Reinvestor,1036.0,48.1,5.57
GODREJCP,Mar 2021,Reinvestor,1738.0,72.45,2.65
GODREJCP,Mar 2022,Reinvestor,607.0,25.2,6.88
GODREJCP,Mar 2023,Reinvestor,397.0,16.25,13.17
GODREJCP,Mar 2024,Mixed,-1365.0,-46.16,24.37
GRASIM,Mar 2013,Mixed,-1445.0,-24.39,20.38
GRASIM,Mar 2014,Reinvestor,1213.0,24.68,8.25
GRASIM,Mar 2015,Reinvestor,2235.0,43.45,7.43
GRASIM,Mar 2016,Reinvestor,1353.0,22.89,13.09
GRASIM,Mar 2017,Reinvestor,3779.0,51.16,9.73
GRASIM,Mar 2018,Distress Signal,-2594.0,-22.34,2.77
GRASIM,Mar 2019,Growth Funded by Debt,-3871.0,-23.26,2.87
GRASIM,Mar 2020,Reinvestor,5256.0,50.67,16.65
GRASIM,Mar 2021,Reinvestor,7929.0,42.55,9.35
GRASIM,Mar 2022,Reinvestor,5985.0,29.29,1.1
GRASIM,Mar 2023,Growth Funded by Debt,-26397.0,-122.27,11.66
GRASIM,Mar 2024,Growth Funded by Debt,-33833.0,-124.41,17.65
HAL,Mar 2017,Unknown,2598.0,80.28,16.83
HAL,Mar 2018,Unknown,-140.0,-4.05,3.21
HAL,Mar 2019,Distress Signal,-2402.0,-52.57,26.45
HAL,Mar 2020,Mixed,203.0,4.16,6.22
HAL,Mar 2021,Shareholder Returns,13934.0,260.89,5.2
HAL,Mar 2022,Shareholder Returns,-2609.0,-48.14,51.95
HAL,Mar 2023,Shareholder Returns,3102.0,46.51,21.29
HAL,Mar 2024,Shareholder Returns,1814.0,18.61,21.11
HAVELLS,Mar 2013,Shareholder Returns,494.0,73.29,2.02
HAVELLS,Mar 2014,Shareholder Returns,492.0,63.32,4.67
HAVELLS,Mar 2015,Shareholder Returns,478.0,63.31,5.73
HAVELLS,Mar 2016,Shareholder Returns,392.0,49.25,1.59
HAVELLS,Mar 2017,Shareholder Returns,547.0,67.12,3.59
HAVELLS,Mar 2018,Shareholder Returns,154.0,14.91,11.66
HAVELLS,Mar 2019,Liquidating Assets,686.0,57.7,1.84
HAVELLS,Mar 2020,Shareholder Returns,279.0,26.15,5.81
HAVELLS,Mar 2021,Mixed,-103.0,-6.48,7.3
HAVELLS,Mar 2022,Shareholder Returns,969.0,54.59,5.45
HAVELLS,Mar 2023,Liquidating Assets,596.0,36.77,0.18
HAVELLS,Mar 2024,Shareholder Returns,335.0,17.81,8.7
HCLTECH,Mar 2017,Shareholder Returns,5105.0,49.13,8.18
HCLTECH,Mar 2018,Shareholder Returns,6092.0,54.17,4.42
HCLTECH,Mar 2019,Shareholder Returns,5715.0,41.04,5.39
HCLTECH,Mar 2020,Shareholder Returns,1027.0,5.93,17.45
HCLTECH,Mar 2021,Shareholder Returns,13953.0,69.6,7.52
HCLTECH,Mar 2022,Liquidating Assets,18497.0,90.1,1.86
HCLTECH,Mar 2023,Shareholder Returns,14436.0,63.8,3.52
HCLTECH,Mar 2024,Shareholder Returns,15840.0,65.46,6.01
HDFCBANK,Mar 2013,Growth Funded by Debt,-6749.0,-53.43,2.52
HDFCBANK,Mar 2014,Mixed,3112.0,23.04,2.58
HDFCBANK,Mar 2015,Growth Funded by Debt,-22081.0,-136.61,1.58
HDFCBANK,Mar 2016,Growth Funded by Debt,-35272.0,-175.88,1.33
HDFCBANK,Mar 2017,Reinvestor,16136.0,67.64,1.56
HDFCBANK,Mar 2018,Mixed,16372.0,55.44,0.99
HDFCBANK,Mar 2019,Growth Funded by Debt,-64375.0,-184.69,1.43
HDFCBANK,Mar 2020,Growth Funded by Debt,-18272.0,-40.19,1.15
HDFCBANK,Mar 2021,Reinvestor,40653.0,77.5,1.42
HDFCBANK,Mar 2022,Growth Funded by Debt,-14011.0,-24.77,1.51
HDFCBANK,Mar 2023,Mixed,17822.0,28.27,1.75
HDFCBANK,Mar 2024,Liquidating Assets,35669.0,20.48,5.85
HDFCLIFE,Mar 2013,Unknown,,,
HDFCLIFE,Mar 2014,Unknown,,,
HDFCLIFE,Mar 2015,Reinvestor,945.0,3.59,12.91
HDFCLIFE,Mar 2016,Reinvestor,1725.0,10.04,21.84
HDFCLIFE,Mar 2017,Reinvestor,1053.0,3.55,16.89
HDFCLIFE,Mar 2018,Reinvestor,2318.0,7.43,13.7
HDFCLIFE,Mar 2019,Reinvestor,-314.0,-0.83,26.21
HDFCLIFE,Mar 2020,Mixed,-401.0,-1.42,26.51
HDFCLIFE,Mar 2021,Mixed,751.0,1.07,12.52
HDFCLIFE,Mar 2022,Reinvestor,5142.0,7.75,1.19
HDFCLIFE,Mar 2023,Mixed,-3188.0,-4.55,14.34
HDFCLIFE,Mar 2024,Reinvestor,-2893.0,-2.87,13.42
HEROMOTOCO,Mar 2014,Shareholder Returns,1347.0,6.2,6.39
HEROMOTOCO,Mar 2015,Liquidating Assets,2217.0,9.23,0.11
HEROMOTOCO,Mar 2016,Shareholder Returns,1422.0,5.92,8.08
HEROMOTOCO,Mar 2017,Shareholder Returns,2035.0,8.47,6.89
HEROMOTOCO,Mar 2018,Shareholder Returns,2159.0,7.96,5.72
HEROMOTOCO,Mar 2019,Liquidating Assets,2330.0,8.05,3.82
HEROMOTOCO,Mar 2020,Shareholder Returns,2699.0,10.72,9.64
HEROMOTOCO,Mar 2021,Shareholder Returns,1821.0,6.77,7.39
HEROMOTOCO,Mar 2022,Shareholder Returns,1882.0,7.16,0.75
HEROMOTOCO,Mar 2023,Shareholder Returns,2193.0,7.3,1.23
HEROMOTOCO,Mar 2024,Shareholder Returns,3095.0,9.51,4.84
HINDALCO,Mar 2013,Mixed,-10824.0,-14.93,17.21
HINDALCO,Mar 2014,Mixed,-139.0,-0.17,9.23
HINDALCO,Mar 2015,Shareholder Returns,3270.0,3.43,3.71
HINDALCO,Mar 2016,Shareholder Returns,8468.0,9.31,3.26
HINDALCO,Mar 2017,Shareholder Returns,9811.0,11.17,2.87
HINDALCO,Mar 2018,Liquidating Assets,16231.0,15.99,4.63
HINDALCO,Mar 2019,Shareholder Returns,6521.0,5.67,4.18
HINDALCO,Mar 2020,Mixed,5518.0,5.31,6.12
HINDALCO,Mar 2021,Shareholder Returns,-8048.0,-7.03,19.15
HINDALCO,Mar 2022,Shareholder Returns,10065.0,6.04,3.47
HINDALCO,Mar 2023,Shareholder Returns,11649.0,5.81,3.39
HINDALCO,Mar 2024,Shareholder Returns,9789.0,5.1,6.61
HINDUNILVR,Mar 2013,Liquidating Assets,3668.0,16.1,0.23
HINDUNILVR,Mar 2014,Shareholder Returns,3343.0,13.66,1.62
HINDUNILVR,Mar 2015,Liquidating Assets,3430.0,12.91,0.43
HINDUNILVR,Mar 2016,Shareholder Returns,3889.0,14.8,0.88
HINDUNILVR,Mar 2017,Shareholder Returns,4012.0,14.95,3.54
HINDUNILVR,Mar 2018,Shareholder Returns,4996.0,17.81,2.99
HINDUNILVR,Mar 2019,Shareholder Returns,5362.0,17.62,1.11
HINDUNILVR,Mar 2020,Liquidating Assets,9414.0,31.46,4.5
HINDUNILVR,Mar 2021,Shareholder Returns,7935.0,22.41,2.61
HINDUNILVR,Mar 2022,Shareholder Returns,7320.0,18.49,3.29
HINDUNILVR,Mar 2023,Shareholder Returns,8507.0,18.32,2.45
HINDUNILVR,Mar 2024,Shareholder Returns,10145.0,21.48,8.6
ICICIBANK,Mar 2013,Mixed,-1069.0,-3.37,41.36
ICICIBANK,Mar 2014,Mixed,-8985.0,-27.35,31.83
ICICIBANK,Mar 2015,Growth Funded by Debt,-25448.0,-65.65,23.97
ICICIBANK,Mar 2016,Mixed,11585.0,22.17,20.34
ICICIBANK,Mar 2017,Shareholder Returns,50925.0,79.77,2.81
ICICIBANK,Mar 2018,Mixed,-31168.0,-42.81,81.32
ICICIBANK,Mar 2019,Shareholder Returns,18389.0,21.95,42.07
ICICIBANK,Mar 2020,Mixed,37470.0,43.9,49.62
ICICIBANK,Mar 2021,Shareholder Returns,74384.0,81.46,71.36
ICICIBANK,Mar 2022,Mixed,18663.0,23.1,41.35
ICICIBANK,Mar 2023,Growth Funded by Debt,-71460.0,-81.33,55.91
ICICIBANK,Mar 2024,Mixed,12547.0,12.6,90.74
ICICIGI,Mar 2013,Mixed,22.0,0.52,23.98
ICICIGI,Mar 2014,Mixed,-111.0,-2.42,16.22
ICICIGI,Mar 2015,Unknown,73.0,1.64,4.04
ICICIGI,Mar 2016,Shareholder Returns,201.0,3.81,5.14
ICICIGI,Mar 2017,Mixed,-362.0,-5.48,26.46
ICICIGI,Mar 2018,Shareholder Returns,494.0,6.89,27.43
ICICIGI,Mar 2019,Shareholder Returns,120.0,1.26,25.58
ICICIGI,Mar 2020,Shareholder Returns,51.0,0.52,29.37
ICICIGI,Mar 2021,Shareholder Returns,407.0,4.03,11.24
ICICIGI,Mar 2022,Liquidating Assets,944.0,6.29,0.84
ICICIGI,Mar 2023,Shareholder Returns,605.0,3.64,9.43
ICICIGI,Mar 2024,Shareholder Returns,486.0,2.71,9.38
ICICIPRULI,Mar 2013,Unknown,-1077.0,-5.59,7.81
ICICIPRULI,Mar 2014,Unknown,3630.0,17.81,27.47
ICICIPRULI,Mar 2015,Shareholder Returns,-1299.0,-3.96,5.29
ICICIPRULI,Mar 2016,Liquidating Assets,3661.0,19.26,0.13
ICICIPRULI,Mar 2017,Shareholder Returns,3434.0,9.54,1.84
ICICIPRULI,Mar 2018,Shareholder Returns,301.0,0.81,13.88
ICICIPRULI,Mar 2019,Shareholder Returns,3818.0,9.33,18.23
ICICIPRULI,Mar 2020,Shareholder Returns,-2201.0,-10.31,51.35
ICICIPRULI,Mar 2021,Mixed,2230.0,2.67,6.11
ICICIPRULI,Mar 2022,Shareholder Returns,1015.0,1.54,1.28
ICICIPRULI,Mar 2023,Shareholder Returns,-1056.0,-2.02,2.27
ICICIPRULI,Mar 2024,Unknown,105.0,0.11,8.22
INDIGO,Mar 2013,Mixed,-149.0,-1.78,20.54
INDIGO,Mar 2014,Mixed,-1319.0,-12.35,26.21
INDIGO,Mar 2015,Reinvestor,1444.0,12.01,6.75
INDIGO,Mar 2016,Reinvestor,1779.0,13.71,8.28
INDIGO,Mar 2017,Reinvestor,749.0,4.58,16.32
INDIGO,Mar 2018,Mixed,-249.0,-1.25,18.04
INDIGO,Mar 2019,Reinvestor,634.0,2.21,8.86
INDIGO,Mar 2020,Reinvestor,2370.0,7.48,12.79
INDIGO,Mar 2021,Unknown,1608.0,10.99,22.05
INDIGO,Mar 2022,Liquidating Assets,3591.0,14.15,5.89
INDIGO,Mar 2023,Reinvestor,8664.0,18.08,7.42
INDIGO,Mar 2024,Reinvestor,9424.0,17.93,17.07
INDUSINDBK,Mar 2013,Growth Funded by Debt,-660.0,-33.9,2.49
INDUSINDBK,Mar 2014,Growth Funded by Debt,-4280.0,-167.51,2.11
INDUSINDBK,Mar 2015,Growth Funded by Debt,-1697.0,-54.17,2.85
INDUSINDBK,Mar 2016,Growth Funded by Debt,-3185.0,-76.05,2.17
INDUSINDBK,Mar 2017,Reinvestor,11284.0,198.52,1.98
INDUSINDBK,Mar 2018,Growth Funded by Debt,-20917.0,-319.1,1.26
INDUSINDBK,Mar 2019,Growth Funded by Debt,-7022.0,-75.64,2.84
INDUSINDBK,Mar 2020,Distress Signal,-11513.0,-91.29,1.83
INDUSINDBK,Mar 2021,Reinvestor,44420.0,277.68,0.78
INDUSINDBK,Mar 2022,Reinvestor,16249.0,102.58,1.14
INDUSINDBK,Mar 2023,Growth Funded by Debt,-12879.0,-82.96,1.21
INDUSINDBK,Mar 2024,Pre-Revenue,-17468.0,-99.04,1.37
INFY,Mar 2013,Reinvestor,4451.0,38.58,7.24
INFY,Mar 2014,Reinvestor,7262.0,54.23,5.11
INFY,Mar 2015,Liquidating Assets,9352.0,62.84,1.87
INFY,Mar 2016,Reinvestor,9143.0,53.53,1.42
INFY,Mar 2017,Reinvestor,-3133.0,-16.84,21.41
INFY,Mar 2018,Liquidating Assets,17751.0,94.31,6.43
INFY,Mar 2019,Reinvestor,14209.0,70.45,0.76
INFY,Mar 2020,Reinvestor,16672.0,74.87,0.36
INFY,Mar 2021,Reinvestor,15851.0,56.84,7.34
INFY,Mar 2022,Reinvestor,17400.0,55.25,5.33
INFY,Mar 2023,Reinvestor,21396.0,60.91,0.73
INFY,Mar 2024,Reinvestor,20117.0,55.23,3.31
IOC,Mar 2013,Mixed,46.0,0.33,2.01
IOC,Mar 2014,Shareholder Returns,5601.0,32.52,3.81
IOC,Mar 2015,Shareholder Returns,35877.0,339.26,2.27
IOC,Mar 2016,Shareholder Returns,12014.0,54.51,3.93
IOC,Mar 2017,Shareholder Returns,10532.0,30.84,4.98
IOC,Mar 2018,Shareholder Returns,11996.0,28.8,4.06
IOC,Mar 2019,Mixed,-9822.0,-27.85,4.27
IOC,Mar 2020,Mixed,-21955.0,-136.77,6.02
IOC,Mar 2021,Shareholder Returns,26715.0,66.91,6.3
IOC,Mar 2022,Shareholder Returns,4453.0,9.32,3.61
IOC,Mar 2023,Shareholder Returns,1614.0,5.26,3.33
IOC,Mar 2024,Shareholder Returns,39635.0,52.4,4.05
IRCTC,Mar 2015,Reinvestor,23.0,15.13,4.34
IRCTC,Mar 2016,Liquidating Assets,295.0,155.26,0.51
IRCTC,Mar 2017,Liquidating Assets,432.0,137.58,6.18
IRCTC,Mar 2018,Liquidating Assets,64.0,23.36,2.73
IRCTC,Mar 2019,Reinvestor,146.0,38.12,18.88
IRCTC,Mar 2020,Liquidating Assets,417.0,59.32,0.35
IRCTC,Mar 2021,Reinvestor,-205.0,-109.04,58.3
IRCTC,Mar 2022,Reinvestor,282.0,32.27,12.88
IRCTC,Mar 2023,Reinvestor,495.0,38.79,8.95
IRCTC,Mar 2024,Reinvestor,667.0,45.5,5.04
IRFC,Mar 2016,Distress Signal,-16376.0,-219.28,0.03
IRFC,Mar 2017,Distress Signal,-19453.0,-215.64,0.02
IRFC,Mar 2018,Distress Signal,-28074.0,-304.19,0.02
IRFC,Mar 2019,Distress Signal,-41747.0,-376.61,0.01
IRFC,Mar 2020,Distress Signal,-62700.0,-469.49,0.01
IRFC,Mar 2021,Unknown,-89907.0,-574.23,0.0
IRFC,Mar 2022,Growth Funded by Debt,-64417.0,-319.26,0.02
IRFC,Mar 2023,Unknown,-28588.0,-121.2,0.0
IRFC,Mar 2024,Reinvestor,7906.0,29.82,0.03
ITC,Mar 2013,Reinvestor,3221.0,28.71,12.27
ITC,Mar 2014,Reinvestor,4090.0,31.27,9.22
ITC,Mar 2015,Reinvestor,4568.0,32.05,13.59
ITC,Mar 2016,Reinvestor,5878.0,40.45,10.0
ITC,Mar 2017,Reinvestor,7376.0,47.68,7.6
ITC,Mar 2018,Reinvestor,6055.0,36.65,16.37
ITC,Mar 2019,Reinvestor,7037.0,37.96,11.47
ITC,Mar 2020,Reinvestor,8516.0,44.02,12.5
ITC,Mar 2021,Liquidating Assets,18267.0,107.04,11.65
ITC,Mar 2022,Reinvestor,13538.0,65.65,3.69
ITC,Mar 2023,Reinvestor,13146.0,51.14,8.08
ITC,Mar 2024,Liquidating Assets,18742.0,71.44,2.21
JINDALSTEL,Mar 2013,Mixed,-6069.0,-99.39,48.42
JINDALSTEL,Mar 2014,Mixed,-8114.0,-139.92,65.82
JINDALSTEL,Mar 2015,Mixed,-5535.0,-101.3,34.62
JINDALSTEL,Mar 2016,Reinvestor,2071.0,60.26,11.62
JINDALSTEL,Mar 2017,Reinvestor,4852.0,103.04,9.25
JINDALSTEL,Mar 2018,Reinvestor,6293.0,97.28,4.3
JINDALSTEL,Mar 2019,Reinvestor,8195.0,97.42,1.77
JINDALSTEL,Mar 2020,Reinvestor,7338.0,107.42,3.89
JINDALSTEL,Mar 2021,Reinvestor,10077.0,92.17,5.45
JINDALSTEL,Mar 2022,Reinvestor,13717.0,88.41,4.56
JINDALSTEL,Mar 2023,Reinvestor,3257.0,32.76,7.69
JINDALSTEL,Mar 2024,Mixed,-2336.0,-22.9,16.57
JIOFIN,Mar 2023,Shareholder Returns,945.0,2423.08,2466.67
JIOFIN,Mar 2024,Unknown,763.0,48.94,77.68
JSWENERGY,Mar 2013,Shareholder Returns,781.0,27.88,10.64
JSWENERGY,Mar 2014,Shareholder Returns,1906.0,58.56,4.2
JSWENERGY,Mar 2015,Shareholder Returns,2972.0,82.01,4.51
JSWENERGY,Mar 2016,Shareholder Returns,266.0,6.6,33.31
JSWENERGY,Mar 2017,Shareholder Returns,3091.0,92.99,9.22
JSWENERGY,Mar 2018,Shareholder Returns,3719.0,137.08,2.67
JSWENERGY,Mar 2019,Shareholder Returns,2436.0,85.32,0.6
JSWENERGY,Mar 2020,Liquidating Assets,2383.0,80.59,3.64
JSWENERGY,Mar 2021,Shareholder Returns,2670.0,91.66,14.88
JSWENERGY,Mar 2022,Shareholder Returns,1565.0,43.81,16.98
JSWENERGY,Mar 2023,Mixed,-4694.0,-143.02,65.6
JSWENERGY,Mar 2024,Mixed,-1963.0,-36.47,71.37
JSWSTEEL,Mar 2013,Shareholder Returns,411.0,6.31,14.22
JSWSTEEL,Mar 2014,Mixed,-3024.0,-32.98,10.97
JSWSTEEL,Mar 2015,Shareholder Returns,504.0,5.38,13.92
JSWSTEEL,Mar 2016,Shareholder Returns,3040.0,47.34,9.28
JSWSTEEL,Mar 2017,Shareholder Returns,2794.0,22.7,9.16
JSWSTEEL,Mar 2018,Shareholder Returns,7850.0,52.63,6.3
JSWSTEEL,Mar 2019,Mixed,3246.0,17.15,13.43
JSWSTEEL,Mar 2020,Mixed,-6804.0,-57.6,26.71
JSWSTEEL,Mar 2021,Shareholder Returns,11087.0,54.95,9.65
JSWSTEEL,Mar 2022,Shareholder Returns,11522.0,29.46,10.08
JSWSTEEL,Mar 2023,Shareholder Returns,12593.0,68.18,6.47
JSWSTEEL,Mar 2024,Shareholder Returns,-2389.0,-8.48,8.27
KOTAKBANK,Mar 2013,Mixed,-6157.0,-93.25,83.36
KOTAKBANK,Mar 2014,Shareholder Returns,7938.0,112.55,9.43
KOTAKBANK,Mar 2015,Mixed,-2165.0,-22.28,33.54
KOTAKBANK,Mar 2016,Mixed,2672.0,23.15,11.53
KOTAKBANK,Mar 2017,Mixed,7933.0,53.49,23.69
KOTAKBANK,Mar 2018,Growth Funded by Debt,-15867.0,-94.42,21.79
KOTAKBANK,Mar 2019,Mixed,-1501.0,-7.6,11.14
KOTAKBANK,Mar 2020,Shareholder Returns,33551.0,148.6,39.04
KOTAKBANK,Mar 2021,Shareholder Returns,-6291.0,-21.1,34.04
KOTAKBANK,Mar 2022,Mixed,-2595.0,-8.45,32.31
KOTAKBANK,Mar 2023,Growth Funded by Debt,-11623.0,-34.71,24.63
KOTAKBANK,Mar 2024,Mixed,6766.0,14.38,15.86
LICI,Mar 2019,Liquidating Assets,22910.0,386.99,1.69
LICI,Mar 2020,Shareholder Returns,13952.0,-200.83,6.44
LICI,Mar 2021,Liquidating Assets,229049.0,-90892.46,21.49
LICI,Mar 2022,Unknown,8748.0,263.02,1.73
LICI,Mar 2023,Shareholder Returns,1671.0,4.88,6.74
LICI,Mar 2024,Shareholder Returns,853.0,2.6,2.99
LODHA,Mar 2016,Mixed,-467.0,-21.97,10.35
LODHA,Mar 2017,Shareholder Returns,295.0,18.28,14.81
LODHA,Mar 2018,Mixed,45.0,2.68,6.73
LODHA,Mar 2019,Growth Funded by Debt,-638.0,-20.07,1.47
LODHA,Mar 2020,Liquidating Assets,3954.0,206.26,1.46
LODHA,Mar 2021,Liquidating Assets,2944.0,212.87,7.71
LODHA,Mar 2022,Liquidating Assets,3137.0,143.5,12.34
LODHA,Mar 2023,Liquidating Assets,4539.0,219.91,18.89
LODHA,Mar 2024,Mixed,-435.0,-16.32,28.57
LT,Mar 2013,Growth Funded by Debt,-11277.0,-98.97,9.3
LT,Mar 2014,Growth Funded by Debt,-12653.0,-89.83,6.48
LT,Mar 2015,Growth Funded by Debt,-6143.0,-39.17,5.2
LT,Mar 2016,Growth Funded by Debt,-7867.0,-50.8,4.58
LT,Mar 2017,Mixed,-3141.0,-18.9,8.96
LT,Mar 2018,Distress Signal,-6117.0,-30.42,3.27
LT,Mar 2019,Growth Funded by Debt,-15779.0,-69.01,8.15
LT,Mar 2020,Mixed,-1714.0,-6.98,5.78
LT,Mar 2021,Reinvestor,17324.0,73.84,4.23
LT,Mar 2022,Reinvestor,15579.0,64.07,2.29
LT,Mar 2023,Reinvestor,14729.0,54.22,4.39
LT,Mar 2024,Liquidating Assets,20445.0,68.46,0.99
LTIM,Mar 2013,Reinvestor,384.0,44.14,5.82
LTIM,Mar 2014,Liquidating Assets,808.0,70.44,3.66
LTIM,Mar 2015,Reinvestor,539.0,53.63,2.07
LTIM,Mar 2016,Reinvestor,818.0,79.57,0.68
LTIM,Mar 2017,Reinvestor,209.0,16.99,14.78
LTIM,Mar 2018,Reinvestor,392.0,33.02,6.19
LTIM,Mar 2019,Reinvestor,646.0,34.31,7.93
LTIM,Mar 2020,Reinvestor,1001.0,49.33,5.91
LTIM,Mar 2021,Reinvestor,743.0,27.27,13.4
LTIM,Mar 2022,Reinvestor,1608.0,30.63,6.29
LTIM,Mar 2023,Reinvestor,2824.0,46.23,0.82
LTIM,Mar 2024,Reinvestor,1752.0,27.43,11.03
M&M,Mar 2013,Growth Funded by Debt,-3825.0,-41.96,4.23
M&M,Mar 2014,Growth Funded by Debt,-4768.0,-46.88,6.11
M&M,Mar 2015,Mixed,-3302.0,-37.55,6.1
M&M,Mar 2016,Mixed,-3121.0,-30.96,7.26
M&M,Mar 2017,Mixed,-5692.0,-53.02,7.01
M&M,Mar 2018,Mixed,-4785.0,-36.18,5.94
M&M,Mar 2019,Growth Funded by Debt,-11521.0,-75.76,6.85
M&M,Mar 2020,Growth Funded by Debt,-8327.0,-81.97,9.11
M&M,Mar 2021,Mixed,-1777.0,-15.47,26.5
M&M,Mar 2022,Shareholder Returns,5996.0,40.84,3.61
M&M,Mar 2023,Growth Funded by Debt,-15940.0,-78.58,7.31
M&M,Mar 2024,Growth Funded by Debt,-11245.0,-45.18,4.04
MARUTI,Mar 2013,Shareholder Returns,940.0,21.55,7.04
MARUTI,Mar 2014,Shareholder Returns,-2.0,-0.04,11.22
MARUTI,Mar 2015,Shareholder Returns,1958.0,28.41,8.84
MARUTI,Mar 2016,Shareholder Returns,1252.0,13.87,12.55
MARUTI,Mar 2017,Shareholder Returns,1109.0,10.64,13.47
MARUTI,Mar 2018,Shareholder Returns,3486.0,28.77,10.4
MARUTI,Mar 2019,Shareholder Returns,3061.0,27.69,4.11
MARUTI,Mar 2020,Shareholder Returns,2939.0,39.96,0.74
MARUTI,Mar 2021,Shareholder Returns,1565.0,28.92,10.36
MARUTI,Mar 2022,Shareholder Returns,1601.0,27.83,0.27
MARUTI,Mar 2023,Shareholder Returns,1995.0,15.2,7.45
MARUTI,Mar 2024,Shareholder Returns,4936.0,26.5,8.36
MOTHERSON,Mar 2013,Shareholder Returns,397.0,26.82,4.3
MOTHERSON,Mar 2014,Shareholder Returns,1323.0,55.19,4.51
MOTHERSON,Mar 2015,Mixed,546.0,19.2,8.21
MOTHERSON,Mar 2016,Shareholder Returns,282.0,7.95,5.12
MOTHERSON,Mar 2017,Mixed,-2345.0,-56.22,14.5
MOTHERSON,Mar 2018,Shareholder Returns,70.0,1.37,5.67
MOTHERSON,Mar 2019,Shareholder Returns,994.0,18.59,5.22
MOTHERSON,Mar 2020,Shareholder Returns,4132.0,88.78,3.66
MOTHERSON,Mar 2021,Shareholder Returns,3165.0,72.43,3.29
MOTHERSON,Mar 2022,Shareholder Returns,159.0,3.37,3.61
MOTHERSON,Mar 2023,Shareholder Returns,2395.0,38.31,2.85
MOTHERSON,Mar 2024,Mixed,925.0,9.92,6.73
NAUKRI,Mar 2013,Reinvestor,29.0,23.97,9.75
NAUKRI,Mar 2014,Mixed,-123.0,-126.8,35.98
NAUKRI,Mar 2015,Mixed,-1000.0,-4761.9,143.58
NAUKRI,Mar 2016,Reinvestor,76.0,83.52,0.27
NAUKRI,Mar 2017,Reinvestor,48.0,-533.33,18.58
NAUKRI,Mar 2018,Reinvestor,104.0,47.49,15.08
NAUKRI,Mar 2019,Reinvestor,217.0,2411.11,5.13
NAUKRI,Mar 2020,Liquidating Assets,447.0,-127.71,7.39
NAUKRI,Mar 2021,Mixed,-1767.0,-2387.84,181.12
NAUKRI,Mar 2022,Mixed,-470.0,-105.38,74.07
NAUKRI,Mar 2023,Mixed,154.0,44.25,15.26
NAUKRI,Mar 2024,Mixed,-150.0,-21.1,33.6
NESTLEIND,Mar 2024,Shareholder Returns,2938.0,50.54,5.07
NHPC,Mar 2013,Shareholder Returns,1516.0,36.51,20.84
NHPC,Mar 2014,Shareholder Returns,2702.0,62.23,15.18
NHPC,Mar 2015,Shareholder Returns,3293.0,64.14,9.34
NHPC,Mar 2016,Shareholder Returns,5225.0,109.24,8.93
NHPC,Mar 2017,Shareholder Returns,6465.0,132.37,21.62
NHPC,Mar 2018,Shareholder Returns,3810.0,89.69,11.42
NHPC,Mar 2019,Shareholder Returns,2642.0,53.04,13.16
NHPC,Mar 2020,Mixed,6.0,0.11,29.85
NHPC,Mar 2021,Shareholder Returns,3463.0,65.62,16.66
NHPC,Mar 2022,Shareholder Returns,1506.0,37.53,33.73
NHPC,Mar 2023,Shareholder Returns,514.0,8.31,39.51
NHPC,Mar 2024,Shareholder Returns,970.0,20.18,61.96
NTPC,Mar 2013,Mixed,-337.0,-1.86,23.55
NTPC,Mar 2014,Shareholder Returns,1022.0,5.18,19.8
NTPC,Mar 2015,Shareholder Returns,-1088.0,-6.27,19.98
NTPC,Mar 2016,Shareholder Returns,4963.0,26.73,26.11
NTPC,Mar 2017,Mixed,-4313.0,-19.97,29.84
NTPC,Mar 2018,Mixed,-1008.0,-4.48,23.48
NTPC,Mar 2019,Mixed,-5377.0,-23.68,23.99
NTPC,Mar 2020,Mixed,-5738.0,-18.17,27.07
NTPC,Mar 2021,Shareholder Returns,11410.0,33.52,18.86
NTPC,Mar 2022,Shareholder Returns,18897.0,46.82,17.25
NTPC,Mar 2023,Shareholder Returns,21007.0,44.14,14.84
NTPC,Mar 2024,Shareholder Returns,8644.0,16.8,18.01
ONGC,Mar 2013,Shareholder Returns,-1346.0,-3.09,25.45
ONGC,Mar 2014,Mixed,-10363.0,-21.09,36.55
ONGC,Mar 2015,Shareholder Returns,3892.0,9.2,18.68
ONGC,Mar 2016,Shareholder Returns,8036.0,20.53,30.84
ONGC,Mar 2017,Shareholder Returns,1965.0,3.72,15.51
ONGC,Mar 2018,Mixed,-10006.0,-17.59,20.7
ONGC,Mar 2019,Shareholder Returns,24326.0,32.51,8.81
ONGC,Mar 2020,Shareholder Returns,17434.0,33.46,13.4
ONGC,Mar 2021,Shareholder Returns,8044.0,16.26,12.88
ONGC,Mar 2022,Shareholder Returns,37051.0,46.39,8.39
ONGC,Mar 2023,Shareholder Returns,11372.0,15.06,11.81
ONGC,Mar 2024,Shareholder Returns,42060.0,40.9,9.67
PFC,Mar 2013,Distress Signal,-25080.0,-418.91,0.13
PFC,Mar 2014,Distress Signal,-22464.0,-295.31,0.04
PFC,Mar 2015,Growth Funded by Debt,-21946.0,-260.36,1.96
PFC,Mar 2016,Growth Funded by Debt,-15271.0,-166.68,7.08
PFC,Mar 2017,Mixed,1128.0,21.38,2.42
PFC,Mar 2018,Distress Signal,-55739.0,-474.29,2.9
PFC,Mar 2019,Growth Funded by Debt,-93715.0,-526.99,24.88
PFC,Mar 2020,Growth Funded by Debt,-42221.0,-301.32,0.12
PFC,Mar 2021,Distress Signal,-57402.0,-288.87,2.43
PFC,Mar 2022,Reinvestor,4357.0,18.67,0.72
PFC,Mar 2023,Growth Funded by Debt,-76411.0,-288.33,2.18
PFC,Mar 2024,Growth Funded by Debt,-101229.0,-301.52,3.73
PIDILITIND,Mar 2013,Shareholder Returns,328.0,58.78,3.92
PIDILITIND,Mar 2014,Shareholder Returns,295.0,43.9,2.31
PIDILITIND,Mar 2015,Shareholder Returns,116.0,15.05,9.0
PIDILITIND,Mar 2016,Shareholder Returns,416.0,35.46,9.16
PIDILITIND,Mar 2017,Mixed,-85.0,-6.74,15.65
PIDILITIND,Mar 2018,Liquidating Assets,835.0,62.27,0.64
PIDILITIND,Mar 2019,Shareholder Returns,332.0,24.22,7.25
PIDILITIND,Mar 2020,Liquidating Assets,1383.0,87.75,1.41
PIDILITIND,Mar 2021,Shareholder Returns,-296.0,-17.56,23.15
PIDILITIND,Mar 2022,Shareholder Returns,397.0,21.39,5.62
PIDILITIND,Mar 2023,Shareholder Returns,659.0,33.18,7.62
PIDILITIND,Mar 2024,Shareholder Returns,955.0,35.27,14.29
PNB,Mar 2013,Pre-Revenue,-1292.0,,1.39
PNB,Mar 2014,Mixed,16604.0,,0.67
PNB,Mar 2015,Mixed,3942.0,,1.79
PNB,Mar 2016,Mixed,12815.0,,2.66
PNB,Mar 2017,Liquidating Assets,22097.0,,0.33
PNB,Mar 2018,Distress Signal,-1350.0,,0.8
PNB,Mar 2019,Growth Funded by Debt,-34161.0,,1.21
PNB,Mar 2020,Growth Funded by Debt,-13131.0,,0.62
PNB,Mar 2021,Mixed,30163.0,,0.96
PNB,Mar 2022,Mixed,18828.0,,1.58
PNB,Mar 2023,Mixed,21860.0,,0.84
PNB,Mar 2024,Growth Funded by Debt,-29445.0,,1.38
POWERGRID,Mar 2013,Mixed,-10394.0,-95.91,168.83
POWERGRID,Mar 2014,Mixed,-11416.0,-88.04,171.26
POWERGRID,Mar 2015,Mixed,-8385.0,-56.17,137.88
POWERGRID,Mar 2016,Mixed,-6568.0,-36.12,104.47
POWERGRID,Mar 2017,Mixed,-2261.0,-10.07,92.76
POWERGRID,Mar 2018,Mixed,-2991.0,-11.52,85.8
POWERGRID,Mar 2019,Shareholder Returns,4544.0,16.88,53.42
POWERGRID,Mar 2020,Shareholder Returns,20006.0,60.83,28.44
POWERGRID,Mar 2021,Shareholder Returns,20159.0,57.75,23.32
POWERGRID,Mar 2022,Liquidating Assets,26877.0,75.02,1.81
POWERGRID,Mar 2023,Shareholder Returns,33065.0,83.55,15.65
POWERGRID,Mar 2024,Shareholder Returns,24176.0,60.7,28.61
RECLTD,Mar 2013,Distress Signal,-19907.0,-150.02,1.11
RECLTD,Mar 2014,Distress Signal,-17108.0,-102.75,0.79
RECLTD,Mar 2015,Distress Signal,-23747.0,-122.44,0.74
RECLTD,Mar 2016,Growth Funded by Debt,-14034.0,-62.53,3.13
RECLTD,Mar 2017,Reinvestor,6704.0,29.86,0.41
RECLTD,Mar 2018,Distress Signal,-32464.0,-168.39,0.2
RECLTD,Mar 2019,Distress Signal,-35409.0,-149.37,1.8
RECLTD,Mar 2020,Distress Signal,-32591.0,-125.54,0.4
RECLTD,Mar 2021,Distress Signal,-42651.0,-132.19,2.42
RECLTD,Mar 2022,Growth Funded by Debt,-1106.0,-3.21,0.73
RECLTD,Mar 2023,Growth Funded by Debt,-38303.0,-101.79,2.39
RECLTD,Mar 2024,Growth Funded by Debt,-59554.0,-124.37,3.85
RELIANCE,Mar 2013,Mixed,9317.0,28.1,6.97
RELIANCE,Mar 2014,Mixed,-29809.0,-85.33,16.86
RELIANCE,Mar 2015,Mixed,-30332.0,-81.0,17.28
RELIANCE,Mar 2016,Shareholder Returns,1948.0,4.66,13.28
RELIANCE,Mar 2017,Mixed,-16651.0,-35.96,21.78
RELIANCE,Mar 2018,Shareholder Returns,3267.0,5.08,17.45
RELIANCE,Mar 2019,Mixed,-52161.0,-61.91,16.63
RELIANCE,Mar 2020,Shareholder Returns,22380.0,25.07,12.15
RELIANCE,Mar 2021,Mixed,-115427.0,-142.87,30.53
RELIANCE,Mar 2022,Mixed,1492.0,1.37,15.71
RELIANCE,Mar 2023,Mixed,22031.0,15.48,10.61
RELIANCE,Mar 2024,Shareholder Returns,45207.0,27.82,12.63
SBILIFE,Mar 2013,Shareholder Returns,903.0,211.48,1.53
SBILIFE,Mar 2014,Shareholder Returns,-542.0,-106.07,4.1
SBILIFE,Mar 2015,Shareholder Returns,2533.0,319.02,0.76
SBILIFE,Mar 2016,Shareholder Returns,-1426.0,-155.0,37.28
SBILIFE,Mar 2017,Shareholder Returns,-507.0,-47.47,29.57
SBILIFE,Mar 2018,Shareholder Returns,1485.0,111.49,26.15
SBILIFE,Mar 2019,Shareholder Returns,-79.0,-5.36,30.38
SBILIFE,Mar 2020,Shareholder Returns,2313.0,171.21,38.78
SBILIFE,Mar 2021,Mixed,4675.0,536.12,23.44
SBILIFE,Mar 2022,Shareholder Returns,241.0,33.01,26.04
SBILIFE,Mar 2023,Shareholder Returns,-1547.0,-1268.03,37.46
SBILIFE,Mar 2024,Shareholder Returns,-2099.0,-853.25,23.65
SHREECEM,Mar 2017,Shareholder Returns,154.0,6.13,23.83
SHREECEM,Mar 2018,Mixed,-1716.0,-69.39,36.56
SHREECEM,Mar 2019,Shareholder Returns,1360.0,48.62,5.73
SHREECEM,Mar 2020,Mixed,-1617.0,-42.88,43.44
SHREECEM,Mar 2021,Shareholder Returns,1603.0,39.18,19.55
SHREECEM,Mar 2022,Shareholder Returns,525.0,14.15,14.28
SHREECEM,Mar 2023,Shareholder Returns,164.0,5.54,13.47
SHREECEM,Mar 2024,Shareholder Returns,1929.0,42.7,6.91
SHRIRAMFIN,Mar 2013,Growth Funded by Debt,-8400.0,-385.5,0.58
SHRIRAMFIN,Mar 2014,Growth Funded by Debt,-4167.0,-208.45,1.32
SHRIRAMFIN,Mar 2015,Growth Funded by Debt,-9656.0,-571.02,0.49
SHRIRAMFIN,Mar 2016,Growth Funded by Debt,-5543.0,-303.89,0.35
SHRIRAMFIN,Mar 2017,Growth Funded by Debt,-2679.0,-135.85,0.02
SHRIRAMFIN,Mar 2018,Distress Signal,-13056.0,-343.13,0.64
SHRIRAMFIN,Mar 2019,Growth Funded by Debt,-5611.0,-147.62,0.49
SHRIRAMFIN,Mar 2020,Growth Funded by Debt,-2519.0,-70.66,0.33
SHRIRAMFIN,Mar 2021,Growth Funded by Debt,-4264.0,-125.34,0.14
SHRIRAMFIN,Mar 2022,Growth Funded by Debt,-8893.0,-242.58,0.18
SHRIRAMFIN,Mar 2023,Distress Signal,-12549.0,-142.62,16.65
SHRIRAMFIN,Mar 2024,Growth Funded by Debt,-31359.0,-298.0,0.71
SUNPHARMA,Mar 2013,Shareholder Returns,982.0,20.53,21.34
SUNPHARMA,Mar 2014,Mixed,1783.0,25.46,13.53
SUNPHARMA,Mar 2015,Shareholder Returns,4114.0,52.12,5.48
SUNPHARMA,Mar 2016,Shareholder Returns,2737.0,33.48,13.86
SUNPHARMA,Mar 2017,Shareholder Returns,2896.0,28.67,13.26
SUNPHARMA,Mar 2018,Shareholder Returns,803.0,14.26,11.72
SUNPHARMA,Mar 2019,Shareholder Returns,1886.0,29.58,1.07
SUNPHARMA,Mar 2020,Shareholder Returns,4330.0,62.01,6.78
SUNPHARMA,Mar 2021,Liquidating Assets,6577.0,77.65,1.21
SUNPHARMA,Mar 2022,Shareholder Returns,3429.0,33.43,14.37
SUNPHARMA,Mar 2023,Mixed,-2261.0,-19.41,16.45
SUNPHARMA,Mar 2024,Shareholder Returns,11372.0,87.36,1.57
TATACONSUM,Mar 2013,Cash Accumulator,197.0,25.58,0.33
TATACONSUM,Mar 2014,Reinvestor,421.0,55.98,0.01
TATACONSUM,Mar 2015,Reinvestor,211.0,26.64,2.59
TATACONSUM,Mar 2016,Liquidating Assets,261.0,71.31,2.18
TATACONSUM,Mar 2017,Liquidating Assets,886.0,112.01,2.14
TATACONSUM,Mar 2018,Reinvestor,325.0,38.74,0.45
TATACONSUM,Mar 2019,Liquidating Assets,263.0,33.46,0.73
TATACONSUM,Mar 2020,Reinvestor,460.0,35.6,6.45
TATACONSUM,Mar 2021,Reinvestor,1310.0,84.84,2.98
TATACONSUM,Mar 2022,Reinvestor,199.0,11.58,10.6
TATACONSUM,Mar 2023,Reinvestor,627.0,33.78,6.05
TATACONSUM,Mar 2024,Mixed,26.0,1.14,12.57
TATAMOTORS,Mar 2013,Shareholder Returns,-806.0,-3.28,12.17
TATAMOTORS,Mar 2014,Shareholder Returns,8160.0,23.41,12.02
TATAMOTORS,Mar 2015,Mixed,-701.0,-1.79,13.77
TATAMOTORS,Mar 2016,Shareholder Returns,1206.0,3.14,13.44
TATAMOTORS,Mar 2017,Mixed,-9372.0,-31.67,14.67
TATAMOTORS,Mar 2018,Mixed,-1282.0,-4.08,8.62
TATAMOTORS,Mar 2019,Mixed,-1987.0,-8.06,6.91
TATAMOTORS,Mar 2020,Mixed,-6482.0,-36.04,12.68
TATAMOTORS,Mar 2021,Mixed,3329.0,10.31,10.28
TATAMOTORS,Mar 2022,Shareholder Returns,9839.0,39.8,1.6
TATAMOTORS,Mar 2023,Shareholder Returns,19971.0,62.77,4.46
TATAMOTORS,Mar 2024,Shareholder Returns,45133.0,75.81,5.2
TATAPOWER,Mar 2013,Shareholder Returns,-740.0,-13.23,12.13
TATAPOWER,Mar 2014,Shareholder Returns,2874.0,41.56,10.1
TATAPOWER,Mar 2015,Shareholder Returns,2116.0,33.58,11.51
TATAPOWER,Mar 2016,Shareholder Returns,5610.0,266.51,6.12
TATAPOWER,Mar 2017,Mixed,-359.0,-6.56,26.73
TATAPOWER,Mar 2018,Shareholder Returns,4852.0,211.42,5.63
TATAPOWER,Mar 2019,Shareholder Returns,4302.0,140.13,0.91
TATAPOWER,Mar 2020,Shareholder Returns,6882.0,101.13,1.69
TATAPOWER,Mar 2021,Liquidating Assets,9338.0,134.92,3.04
TATAPOWER,Mar 2022,Shareholder Returns,443.0,6.3,14.6
TATAPOWER,Mar 2023,Mixed,-97.0,-1.26,13.18
TATAPOWER,Mar 2024,Shareholder Returns,3569.0,33.25,14.69
TATASTEEL,Mar 2013,Reinvestor,936.0,23.61,9.72
TATASTEEL,Mar 2014,Mixed,-2232.0,-13.79,10.35
TATASTEEL,Mar 2015,Reinvestor,2859.0,83.87,6.47
TATASTEEL,Mar 2016,Reinvestor,2661.0,-425.76,8.62
TATASTEEL,Mar 2017,Reinvestor,1334.0,10.15,8.45
TATASTEEL,Mar 2018,Mixed,-3707.0,-17.3,9.52
TATASTEEL,Mar 2019,Reinvestor,-3840.0,-13.1,18.5
TATASTEEL,Mar 2020,Reinvestor,6157.0,35.26,10.02
TATASTEEL,Mar 2021,Reinvestor,34890.0,114.38,6.04
TATASTEEL,Mar 2022,Reinvestor,33476.0,52.73,4.47
TATASTEEL,Mar 2023,Reinvestor,3504.0,10.85,7.47
TATASTEEL,Mar 2024,Reinvestor,6048.0,27.18,6.22
TCS,Mar 2013,Reinvestor,5577.0,30.91,9.59
TCS,Mar 2014,Reinvestor,5299.0,21.07,11.55
TCS,Mar 2015,Reinvestor,17562.0,71.73,1.91
TCS,Mar 2016,Reinvestor,14099.0,45.96,4.61
TCS,Mar 2017,Reinvestor,8328.0,25.77,14.32
TCS,Mar 2018,Liquidating Assets,28171.0,86.64,2.52
TCS,Mar 2019,Liquidating Assets,30238.0,76.54,1.12
TCS,Mar 2020,Liquidating Assets,41337.0,98.17,5.71
TCS,Mar 2021,Reinvestor,30846.0,66.27,4.85
TCS,Mar 2022,Reinvestor,39211.0,73.9,0.38
TCS,Mar 2023,Liquidating Assets,42513.0,71.74,0.24
TCS,Mar 2024,Liquidating Assets,50429.0,78.43,2.53
TECHM,Mar 2013,Mixed,233.0,16.39,9.05
TECHM,Mar 2014,Liquidating Assets,1887.0,45.23,1.55
TECHM,Mar 2015,Shareholder Returns,583.0,13.9,8.24
TECHM,Mar 2016,Shareholder Returns,1684.0,39.53,5.48
TECHM,Mar 2017,Shareholder Returns,1178.0,28.15,9.93
TECHM,Mar 2018,Shareholder Returns,235.0,4.99,10.79
TECHM,Mar 2019,Shareholder Returns,2328.0,37.12,6.06
TECHM,Mar 2020,Liquidating Assets,5439.0,98.84,2.93
TECHM,Mar 2021,Shareholder Returns,2661.0,39.16,14.35
TECHM,Mar 2022,Liquidating Assets,5765.0,71.88,1.08
TECHM,Mar 2023,Shareholder Returns,5346.0,68.87,0.42
TECHM,Mar 2024,Shareholder Returns,5058.0,112.25,2.53
TITAN,Mar 2013,Reinvestor,411.0,40.53,1.4
TITAN,Mar 2014,Growth Funded by Debt,-826.0,-78.89,2.48
TITAN,Mar 2015,Reinvestor,385.0,33.39,0.99
TITAN,Mar 2016,Reinvestor,417.0,44.41,1.41
TITAN,Mar 2017,Reinvestor,759.0,65.21,7.19
TITAN,Mar 2018,Unknown,47.0,2.86,0.61
TITAN,Mar 2019,Reinvestor,446.0,22.37,4.03
TITAN,Mar 2020,Unknown,-113.0,-4.59,1.12
TITAN,Mar 2021,Reinvestor,1340.0,77.68,12.93
TITAN,Mar 2022,Unknown,441.0,13.19,4.05
TITAN,Mar 2023,Mixed,-444.0,-9.09,4.47
TITAN,Mar 2024,Reinvestor,1506.0,28.46,0.37
TORNTPHARM,Mar 2013,Mixed,-94.0,-13.49,7.71
TORNTPHARM,Mar 2014,Mixed,181.0,18.95,10.02
TORNTPHARM,Mar 2015,Mixed,-1303.0,-127.75,45.58
TORNTPHARM,Mar 2016,Shareholder Returns,1873.0,68.53,13.0
TORNTPHARM,Mar 2017,Shareholder Returns,211.0,15.32,13.72
TORNTPHARM,Mar 2018,Mixed,-3783.0,-280.43,78.61
TORNTPHARM,Mar 2019,Shareholder Returns,1552.0,78.27,3.21
TORNTPHARM,Mar 2020,Liquidating Assets,1622.0,74.75,2.88
TORNTPHARM,Mar 2021,Shareholder Returns,1561.0,62.94,5.55
TORNTPHARM,Mar 2022,Shareholder Returns,1607.0,66.1,2.3
TORNTPHARM,Mar 2023,Mixed,33.0,1.16,24.27
TORNTPHARM,Mar 2024,Shareholder Returns,3106.0,92.22,1.49
TRENT,Mar 2013,Mixed,-245.0,-4900.0,12.95
TRENT,Mar 2014,Pre-Revenue,-94.0,940.0,2.06
TRENT,Mar 2015,Growth Funded by Debt,-316.0,-359.09,13.4
TRENT,Mar 2016,Reinvestor,11.0,12.22,5.81
TRENT,Mar 2017,Reinvestor,58.0,43.28,2.43
TRENT,Mar 2018,Reinvestor,73.0,35.1,0.19
TRENT,Mar 2019,Mixed,-16.0,-6.64,1.41
TRENT,Mar 2020,Mixed,-448.0,-84.69,23.21
TRENT,Mar 2021,Liquidating Assets,303.0,265.79,0.69
TRENT,Mar 2022,Liquidating Assets,114.0,19.16,1.24
TRENT,Mar 2023,Reinvestor,492.0,44.17,1.25
TRENT,Mar 2024,Reinvestor,841.0,42.67,4.11
TVSMOTOR,Mar 2013,Reinvestor,344.0,78.54,1.6
TVSMOTOR,Mar 2014,Reinvestor,235.0,47.76,2.8
TVSMOTOR,Mar 2015,Mixed,-332.0,-54.88,4.05
TVSMOTOR,Mar 2016,Reinvestor,331.0,40.42,5.32
TVSMOTOR,Mar 2017,Reinvestor,-20.0,-2.3,5.69
TVSMOTOR,Mar 2018,Mixed,-741.0,-47.17,6.7
TVSMOTOR,Mar 2019,Growth Funded by Debt,-2022.0,-93.48,5.48
TVSMOTOR,Mar 2020,Mixed,-717.0,-31.67,5.78
TVSMOTOR,Mar 2021,Mixed,269.0,12.05,4.54
TVSMOTOR,Mar 2022,Growth Funded by Debt,-3046.0,-110.56,6.04
TVSMOTOR,Mar 2023,Growth Funded by Debt,-5713.0,-141.87,4.09
TVSMOTOR,Mar 2024,Growth Funded by Debt,-2254.0,-40.98,2.56
